{"train/grad_norm":1.4952490731473833,"eval/kl":0.3582899305555556,"train/loss":0.0212,"eval/rewards/accuracy_reward":0.5162037213643392,"train_runtime":83226.7218,"_step":91,"train/reward":1.4140625409781933,"train_loss":0.028931791751851395,"_timestamp":1.7399174351985264e+09,"train/kl":0.417266845703125,"eval/rewards/format_reward":0.9097222420904372,"eval/steps_per_second":0.031,"_wandb":{"runtime":83328},"eval/completion_length":376.16205342610675,"eval/runtime":98.3114,"train/epoch":0.9991717740599636,"train/global_step":377,"eval/reward":1.425925956832038,"eval/reward_std":0.40182297428448993,"eval/loss":0.014396056532859802,"total_flos":0,"train/reward_std":0.3621744988486171,"train_steps_per_second":0.005,"eval/samples_per_second":1.007,"train/completion_length":402.67448806762695,"train_samples_per_second":0.87,"_runtime":83328.88970578,"train/learning_rate":5.152751123835841e-10,"train/rewards/format_reward":0.9023437704890966,"train/rewards/accuracy_reward":0.5117187658324838}