{"_timestamp":1.7406623439150658e+09,"eval/mean_token_accuracy":0.7925505247903032,"_runtime":28165.257881483,"train_runtime":27486.1111,"train_steps_per_second":0.017,"train/epoch":0.9989023051591658,"train_samples_per_second":0.53,"_step":114,"eval/runtime":654.531,"eval/samples_per_second":4.227,"train/global_step":455,"train/loss":0.6648,"total_flos":1.19202354561024e+14,"train/mean_token_accuracy":0.789236578054597,"_wandb":{"runtime":28165},"eval/steps_per_second":0.264,"eval/loss":0.6579087972640991,"train/grad_norm":0.7319916532230373,"train/learning_rate":0,"train_loss":0.7003934289072896}